CODE,MEANING,id,SHORT_MEANING,WebDataEntryVisible
1,Water level accurate to within two hundreths of a foot,1,Good,1
2,Water level accurate to within one foot,2,Fair,1
3,Water level accuracy not to nearest foot or water level not repeatable,3,Poor,1
U0,Water level accurate to nearest foot (USGS accuracy level),4,,1
U1,Water level accurate to nearest tenth of a foot (USGS accuracy level),5,,1
U2,Water level accurate to nearest one-hundredth of a foot (USGS accuracy level),6,,1
U9,Water level accuracy not to nearest foot (USGS accuracy level),7,,1
UU,Water level accuracy unknown (USGS accuracy level),8,,1
0,None,11,NA,1
