Code,Meaning,id
000EXRV,Extrusive Rocks,1
000IRSV,Intrusive Rocks,2
050QUAL,Quaternary Alluvium in Valleys,3
100QBAS,Quaternary basalt,4
110ALVM,Quaternary Alluvium,5
110AVMB,"Alluvium, Bolson Deposits and Other Surface Deposits",6
110BLSN,Bolson Fill,7
110NTGU,"Naha and Tsegi Alluvium Deposits, undifferentiated",8
110PTODC,"Pediment, Terrace and Other Deposits of Gravel, Sand and Caliche",10
111MCCR,McCathys Basalt Flow,11
112ANCH,"Upper Santa Fe Group, Ancha Formation (QTa)",12
112CURB,Cuerbio Basalt,13
112LAMA,"Lama Formation (QTl, QTbh) and other mountain front alluvial fans",14
112LAMAb,"Lama Fm (QTl, QTbh) between Servilleta Basalts",15
112LGUN,Laguna Basalt Flow,16
112QTBF,Quaternary-Tertiary basin fill (not in valleys),17
112QTBFlac,"Quaternary-Tertiary basin fill, lacustrian-playa lithofacies",18
112QTBFpd,"Quaternary-Tertiary basin fill, distal piedmont lithofacies",19
112QTBFppm,"Quaternary-Tertiary basin fill, proximal and medial piedmont lithofacies",20
112SNTF,"Santa Fe Group, undivided",21
112SNTFA,"Upper Santa Fe Group, axial facies",22
112SNTFOB,"Upper SantaFe Group, Loma Barbon member of Arroyo Ojito Formatin",23
112SNTFP,"Upper Santa Fe Group, piedmont facies",24
112TRTO,Tuerto Gravels (QTt),25
120DTIL,Datil Formation,26
120ELRT,El Rito Formation,27
120IRSV,Tertiary Intrusives,28
120SBLC,"Sierra Blanca Volcanics, undivided",29
120SRVB,Tertiary Servilletta Basalts (Tsb),30
120SRVBf,"Tertiary Servilletta Basalts, fractured (Tsbf)",31
120TSBV_Lower,Tertiary Sierra Blanca area lower volcanic unit (Hog Pen Fm),32
120TSBV_Upper,Tertiary Sierra Blanca area upper volcanic unit (above Hog Pen Fm),33
121CHMT,Chamita Formation (Tc),34
121CHMTv,"Chamita Fm, Vallito member (Tcv)",35
121CHMTvs,"Chamita Fm, sandy Vallito member (Tcvs)",36
121OGLL,Ogallala Formation,37
121PUYEF,"Puye Conglomerate, Fanglomerate Member",38
121TSUQ,"Tesuque Formation, undifferentiated unit",39
121TSUQa,Tesuque Fm lithosome A (Tta),40
121TSUQacu,"Tesuque Fm (upper), Cuarteles member lithosome A (Ttacu)",41
121TSUQacuf,"Tesuque Fm (upper), fine-grained Cuarteles member lithosome A (Ttacuf)",42
121TSUQaml,Tesuque Fm lower-middle lithosome A (Ttaml),43
121TSUQb,Tesuque Fm lithosome B (Ttb),44
121TSUQbfl,"Tesuque Fm lower lithosome B, basin-floor deposits (Ttbfl)",45
121TSUQbfm,"Tesuque Fm middle lithosome B, basin-floor deposits (Ttbfm)",46
121TSUQbp,"Tesuque Fm lithosome B, Pojoaque member (Ttbp)",47
121TSUQce,"Tesuque Fm, Cejita member (Ttce)",48
121TSUQe,Tesuque Fm lithosome E (Tte),49
121TSUQs,Tesuque Fm lithosome S (Tts),50
121TSUQsa,Tesuque Fm lateral gradation lithosomes S and A (Ttsag),51
121TSUQsc,Tesuque Fm coarse-grained lithosome S (Ttsc),52
121TSUQsf,"Tesuque Fm, fine-grained lithosome S (Ttsf)",53
122CHOC,Chamita and Ojo Caliente interlayered (Ttoc),54
122CRTO,"Chama El Rito Formation (Tesuque member, Ttc)",55
122OJOC,"Ojo Caliente Formation (Tesuque member, Tto)",56
122PICR,Picuris Tuff,57
122PPTS,Popotosa Formation,58
122SNTFP,"Lower Santa Fe Group, piedmont facies",59
123DTILSPRS,"Datil Group ignimbrites and lavas and Spears Group, interbedded",60
123DTMGandbas,"Datil and Mogollon Group andesite, basaltic andesite, and basalt flows",61
123DTMGign,Datil and Mogollon Group ignimbrites,62
123DTMGrhydac,Datil and Mogollon Group rhyolite and dacite flows,63
123ESPN,T Espinaso Formation (Te),64
123GLST,T Galisteo Formation,65
123PICS,T Picuris Formation (Tp),66
123PICSc,"T Picuris Formation, basal conglomerate (Tpc)",67
123PICSl,T lower Picuris Formation (Tpl),68
123SPRSDTMGlava,"Spears Group and Datil-Mogollon intermediate-mafic lavas, interbedded",69
123SPRSlower,"Spears Group, lower part; tuffaceous, gravelly debris and mud flows",70
123SPRSmid_uppe,"Spears Group, middle-upper part; excludes Dog Spring Formation",71
124BACA,Baca Formation,72
124CBMN,Cub Mountain Formation,73
124LLVS,Llaves Member of San Jose Formation,74
124PSCN,Poison Canyon Formation,75
124RGIN,Regina Member of San Jose Formation,76
124SNJS,San Jose Formation,77
124TPCS,TapicitosMember of San Jose Formation,78
125NCMN,Nacimiento Formation,79
125NCMNS,"Nacimiento Formation, Sandy Shale Facies",80
125RTON,Raton Formation,81
130CALDFLOOR,Caldera Floor bedrock S. of San Agustin Plains. Mostly DTILSPRS & Paleo.,82
180TKSCC_Upper,"Tertiary-Cretaceous, Sanders Canyon, Cub Mtn. and upper Crevasse Canyon Fm",83
180TKTR,"Tertiary-Cretaceous-Triassic, Baca, Crevasse Cyn, Gallup, Mancos, Dakota, T",84
210CRCS,"Cretaceous System, undivided",85
210GLUPC_Lower,K Gallup Sandstone and lower Crevasse Canyon Fm,86
210HOSTD,K Hosta Dalton,87
210MCDK,K Mancos/Dakota undivided,88
210MNCS,"Mancos Shale, undivided",89
210MNCSL,K Lower Mancos,90
210MNCSU,K Upper Mancos,91
211CLFHV,"Cliff House Sandstone, includes La Ventana Tongues in NW Sandoval Co.",92
211CRLL,Carlile Shale,93
211CRVC,Crevasse Canyon Formation of Mesaverde Group,94
211DKOT,Dakota Sandstone or Formation,95
211DLCO,Dilco Coal Member of Crevasse Canyon Formation of Mesaverde Group,96
211DLTN,Dalton Sandstone Member of Crevasse Canyon Formation of Mesaverde Group,97
211FRHS,Fort Hays Limestone Member of Niobrara Formation,98
211FRLD,Fruitland Formation,99
211FRMG,Farmington Sandstone Member of Kirtland Shale,100
211GBSNC,Gibson Coal Member of Crevasse Canyon Formation of Mesaverde Group,101
211GLLG,Gallego Sandstone Member of Gallup Sandstone,102
211GLLP,Gallup Sandstone,103
211GRRG,Greenhorn and Graneros Formations,104
211GRRS,Graneros Shale,105
211HOST,Hosta Tongue of Point Lookout Sandstone of Mesaverde Group,106
211KRLD,Kirtland Shale,107
211LWIS,Lewis Shale,108
211MENF,Menefee Formation,109
211MENFU,K Upper Menefee (above Harmon Sandstone),111
211MVRD,Mesaverde Group,112
211OJAM,Ojo Alamo Sandstone,113
211PCCF,Pictured Cliffs Sandstone,114
211PIRR,Pierre Shale,115
211PNLK,Point Lookout Sandstone,116
211SMKH,Smoky Hill Marl Member,117
211TLLS,Twowells Sandstone Lentil of Pike of Dakota Sandstone,118
212KTRP,"K Dakota Sandstone, Moenkopi Fm, Artesia Group",119
217PRGR,Purgatoire Formation,120
220ENRD,Entrada Sandstone,121
220JURC,Jurassic undivided,122
220NAVJ,Navajo Sandstone,123
221BLFF,Bluff Sandstone of Morrison Formation,124
221CSPG,Cow Springs Sandstone of Morrison Formation,125
221ERADU,"Entrada Sandstone of San Rafael Group, Upper",126
221MRSN,Morrison Formation,127
221MRSN/BBSN,Brushy Basin Member of Morrison,128
221MRSN/JCKP,Jackpile Sandstone Member of Morrison,129
221MRSN/RCAP,Recapture Shale Member of Morrison,130
221MRSN/WWCN,Westwater Canyon Member of Morrison,131
221SLWS,Salt Wash Sandstone Member of Morrison Formation,132
221SMVL,Summerville Formation of San Rafael Group,133
221TDLT,J Todilto,134
221WSRC,Westwater Canyon Sandstone Member of Morrison Formation,135
221ZUNIS,Zuni Sandstone,136
231AGZC,Tr Agua Zarca,137
231AGZCU,Tr Upper Agua Zarca,138
231CHNL,Chinle Formation,139
231CORR,Correo Sandstone Member of Chinle Formation,140
231DCKM,Dockum Group,141
231PFDF,Tr Petrified Forest,142
231PFDFL,Tr Lower Petrified Forest (below middle sandstone),143
231PFDFM,Tr Middle Petrified Forest sandstone,144
231PFDFU,Tr Upper Petrified Forest (above middle sandstone),145
231RCKP,Rock Point Member of Wingate Sandstone,146
231SNRS,Santa Rosa Sandstone,147
231SNSL,Sonsela Sandstone Bed of Petrified Forest Member of Chinle Formation,148
231SRMP,Shinarump Member of Chinle Formation,149
231WNGT,Wingate Sandstone,150
260SNAN,P San Andres,151
260SNAN_lower,Lower San Andres Formation,152
261SNGL,P San Andres - Glorieta Sandstone in Rio Bonito member,153
300YESO,P Yeso,154
300YESO_lower,Lower Yeso Formation,155
300YESO_upper,Upper Yeso Formation,156
310ABO,P Abo,157
310DCLL,De Chelly Sandstone Member of Cutler Formation,158
310GLOR,Glorieta Sandstone Member of San Andres Formation (of Manzano Group),159
310MBLC,Meseta Blanca Sandstone Member of Yeso Formation,160
310TRRS,Torres Member of Yeso Formation,161
310YESO,Yeso Formation,162
310YESOG,"Yeso Formation, Manzono Group",163
312CSTL,Castile Formation,164
312RSLR,Rustler Formation,165
313ARTS,Artesia Group,166
313BLCN,Bell Canyon Formation,167
313BRUC,Brushy Canyon Formation of Delaware Mountain Group,168
313CKBF,Chalk Bluff Formation,169
313CLBD,Carlsbad Limestone,170
313CPTN,Capitan Limestone,171
313GDLP,Guadalupian Series,172
313GOSP,Goat Seep Dolomite,173
313SADG,San Andres Limestone and Glorieta Sandstone,174
313SADR,"San Andres Limestone, undivided",175
313TNSL,Tansill Formation,176
313YATS,"Yates Formation, Guadalupe Group",177
315LABR,P Laborcita (Bursum),178
315YESOABO,Alamosa Creek and San Agustin Plains area - Yeso and Abo Formations,179
318ABO,P Abo,180
318BSPG,Bone Spring Limestone,181
318JOYT,Joyita Sandstone Member of Yeso Formation,182
318YESO,Yeso Formation,183
319BRSM,Bursum Formation and Equivalent Rocks,184
320HLDR,Penn Holder,185
320PENN,Pennsylvanian undivided,186
320SNDI,Sandia Formation,187
321SGDC,Sangre de Cristo Formation,188
322BEMN,Penn Beeman,189
325GBLR,Penn Gobbler,190
325MDER,"Madera Limestone, undivided",191
325MDERL,Penn Lower Madera,192
325MDERU,Penn Upper Madera,193
325SAND,Penn Sandia,194
326MGDL,Magdalena Group,195
340EPRS,Espiritu Santo Formation,196
350PZBA,Alamosa Creek and San Agustin Plains area - Paleozoic strata beneath Abo Fm,197
350PZBB,Tul Basin area - Paleozoic strata below Bursum Fm,198
400EMBD,Embudo Granite (undifferentiated PreCambrian near Santa Fe),199
400PCMB,Precambrian Erathem,200
400PREC,undifferentiated PreCambrian crystalline rocks (X),201
400PRECintr,PreCambrian crystalline rocks and local Tertiary intrusives,202
400PRST,Priest Granite,203
400TUSS,Tusas Granite,204
410PRCG,PreCambrian granite (Xg),205
410PRCGf,"PreCambrian granite, fractured (Xgf)",206
410PRCQ,PreCambrian quartzite (Xq),207
410PRCQf,"PreCambrian quartzite, fractured (Xqf)",208
121GILA,Gila Conglomerate (group),209
312DYLK,Dewey Lake Redbeds,210
120WMVL,Wimsattville Formation,211
313GRBG,Grayburg Formation of Artesia Group,212
318ABOL,Abo Sandstone (Lower Tongue),213
318ABOU,Abo Sandstone (Upper Tongue),214
112SNTFU,"Santa Fe Group, Upper Part",215
310FRNR,Forty-Niner Member of Rustler Formation,216
312OCHO,Ochoan Series,217
313AZOT,Azotea Tongue of Seven Rivers Formation,218
313QUEN,Queen Formation,219
319HUCO,Hueco Limestone,220
313SVRV,Seven Rivers Formation,221
313CABD,Carlsbad Group,222
320GRMS,Gray Mesa Member of Madera Formation,223
211CLRDH,Colorado Shale,224
120BRLM,Bearwallow Mountain Andesite,225
122RUBO,Rubio Peak Formation,226
313SADRL,"San Andres Limestone, Lower Cherty Member",227
313SADRU,"San Andres Limestone, Upper Clastic Member",228
313BRNL,Bernal Formation of Artesia Group,229
318CPDR,Chupadera Formation,230
121BDHC,Bidahochi Formation,231
313SADY,"San Andres Limestone and Yeso Formation, undivided",232
221SRFLL,"San Rafael Group, Lower Part",233
221BLUF,Bluff Sandstone of Morrison Formation,234
221COSP,Cow Springs Sandstone of Morrison Formation,235
317ABYS,"Abo and Yeso, undifferentiated",236
221BRSB,Brushy Basin Shale Member of Morrison Formation,237
310SYDR,San Ysidro Member of Yeso Formation,238
400SDVL,Sandoval Granite,239
221SRFL,San Rafael Group,240
310SGRC,Sangre de Cristo Formation,241
231TCVS,Tecovas Formation of Dockum Group,242
211DCRS,D-Cross Tongue of Mancos Shale of Mesaverde Group,243
211ALSN,Allison Member of Menefee Formation of Mesaverde Group,244
211LVNN,La Ventana Tongue of Cliff House Sandstone,245
211MORD,Madrid Formation,246
210PRMD,Pyramid Shale,247
124ANMS,Animas Formation,248
211NBRR,Niobrara Formation,249
111ALVM,Holocene Alluvium,250
122SNTFL,"Santa Fe Group, Lower Part",251
111CPLN,Capulin Basalts,252
120CRSN,Carson Conflomerate,253
111CRMS,Covered/Reclaimed Mine Spoil,254
111CRMSA,Covered/Reclaimed Mine Spoil and Ash,255
111SPOL,Spoil,256
110TURT,Tuerto Gravel of Santa Fe Group,257
221RCPR,Recapture Shale Member of Morrison Formation,258
320BLNG,Bullington Member of Magdalena Formation,259
112ANCHsr,"Upper Santa Fe Group, Ancha Formation & ancestral Santa Fe river deposits",260
121TSUQae,Tesuque Fm Lithosomes A and E,261
230TRSC,Triassic undifferentiated,262
122TSUQdx,"Tesuque Fm, Dixon member (Ttd)",263
123PICSu,T upper Picuris Formation (Tpu),264
123PICSm,T middle Picuris Formation (Tpm),265
123PICSmc,T middle conglomerate Picuris Formation (Tpmc),266
120VBVC,Tertiary volcanic breccia/volcaniclastic conglomerate,267
120VCSS,Tertiary volcaniclastic sandstone,268
124DMDT,Diamond Tail Formation,269
325ALMT,Penn Alamitos Formation,270
400SAND,Sandia Granite,271
318VCPK,Victorio Peak Limestone,272
318BSVP,Bone Spring and Victorio Peak Limestones,273
100ALVM,Alluvium,274
310PRMN,Permian System,275
110AVPS,Alluvium and Permian System,276
313CRCX,Capitan Reef Complex and Associated Limestones,277
112SLBL,Salt Bolson,278
112SBCRC,Salt Bolson and Capitan Reef Complex,279
313CRDM,Capitan Reef Complex - Delaware Mountain Group,280
112SBDM,Salt Bolson and Delaware Mountain Group,281
120BLSN,Bolson Deposits,282
112SBCR,Salt Bolson and Cretaceous Rocks,283
112HCBL,Hueco Bolson,284
120IVIG,Intrusive Rocks,285
112RLBL,Red Light Draw Bolson,286
112EFBL,Eagle Flat Bolson,287
112GRBL,Green River Bolson,288
123SAND,Sanders Canyon Formation,289
210MRNH,Moreno Hill Formation,291
320ALMT,Alamito Shale,292
313DLRM,Delaware Mountain Group,293
300PLZC,Paleozoic Erathem,294
122SPRS,Spears Member of Datil Formation,295
110AVTV,Alluvium and Tertiary Volcanics,296
313DMBS,Delaware Mountain Group - Bone Spring Limestone,297
120ERSV,Tertiary extrusives,298
